token;freq
se;17311
pan;573
kwan;1766
tos;3658
es;14927
ta;15926
kaɾ;3557
bje;1872
ɾen;3227
ko;11160
mo;9566
io;3282
don;10478
fe;3880
ran;1186
do;22927
poɾ;12606
la;22340
ɡɾa;1868
sia;5704
de;57952
djos;1519
ɾei;5003
kas;2326
tje;2989
ʝa;5471
to;16164
le;4852
leon;1501
ɡa;6235
ʝi;1107
sja;2265
bi;7390
koɾ;1635
ba;8695
muɾ;1277
xaen;1010
del;8526
al;9985
ɡaɾ;2597
be;5032
e;29817
ɲoɾ;457
li;3581
na;7799
una;2028
ke;31139
obo;50
man;5603
da;14411
daɾ;1873
el;13608
san;1898
t͡ʃo;3520
mjo;1493
pa;7300
dɾe;835
peɾ;1656
ne;4200
obis;3305
po;8818
buɾ;720
ɡos;1206
a;14218
su;4322
eɡle;968
t͡ʃa;1577
en;19485
ɡi;581
sa;6834
dos;5427
los;12318
me;7337
ɾi;3030
nos;5180
las;6047
ɾin;97
des;5643
xe;2695
ɾes;4889
fon;2379
sade;137
ɾa;13729
essas;18
salut;303
dikso;79
akae;138
xeɾ;251
ra;1248
bos;3027
ssa;836
ʝos;1260
an;2814
pein;237
dɾa;313
eʝa;395
so;9555
bɾ;246
mos;4942
tɾo;2818
pɾi;1964
xios;382
nen;870
ɾeis;36
on;642
ben;1474
ɡo;6436
kon;17535
fiɾ;8634
ma;15808
mi;6851
fa;3667
ʝe;1686
non;3784
nin;3826
iɾ;303
pi;1098
djo;1006
meɾ;1555
set;390
s;1885
i;8247
lo;9010
bjen;2624
ɡwaɾ;934
ɾe;9594
t͡ʃos;1266
seɾ;3307
sos;874
ten;1749
les;4552
afin;45
eʝo;701
si;8435
te;12959
o;3052
son;2064
teɾ;1445
ɡadxe;9
lwe;259
fjen;273
mjen;2320
tɾe;2784
ɡwno;1003
sea;1580
osa;432
dɾaɾ;81
ssaɾ;136
ɡw;2231
kontɾa;1252
ka;10751
kwal;958
kjeɾ;902
fi;3504
sje;1819
ja;79
pe;7874
t͡ʃaɾ;454
eʝos;1292
di;6653
ɲo;1563
bla;681
otɾo;1776
ki;1708
sin;1206
kweɾ;255
pos;467
obje;1247
ss;270
toɾ;1017
ɾja;2066
ks;98
djas;1367
abɾil;142
eɾa;1281
ʝ;1574
sjen;940
beint;106
tɾes;487
aɲos;1227
ɾoi;408
maɾ;1851
ti;5799
nes;3824
fis;571
kɾi;955
biɾ;758
aɡo;463
bin;71
otɾas;416
mu;1975
t͡ʃas;508
ies;373
das;2261
beɾ;1575
dat;685
sus;2301
kau;179
ɾan;1250
d;2418
aki;688
ade;1016
lan;1166
ʝas;537
bɾe;3359
den;1960
dɾen;72
ken;79
ian;246
xos;782
ʝes;416
otɾos;1175
apoɾ;118
tɾas;666
lau;23
siɡ;234
bano;176
pu;984
bli;241
atɾo;13
ɡan;757
bes;955
dis;1303
nwe;659
end;169
bo;2738
lun;184
tad;355
kom;1373
pli;473
fɾan;485
sas;1625
dje;1388
ssen;869
men;3419
ɡwa;338
bwes;912
mas;2890
ssee;7
ʝo;2237
kol;220
xu;1175
njo;360
tɾein;147
nķa;267
in;3393
fan;816
tjo;310
tu;1832
baɾ;1051
min;604
ɡes;331
ķu;121
om;1465
kwe;449
nje;566
ɾon;2906
ɾos;1663
kwen;816
senos;3
ban;1094
dɡo;223
deɾ;773
djen;296
ia;906
alaɾ;45
lu;1110
abjen;261
boɾ;211
paɾ;1533
tweɾ;85
unos;255
teo;55
tɾa;2633
xo;3098
abje;154
nwes;2313
sabwe;83
oi;526
bis;859
akel;298
kos;1067
bjos;66
eɾan;198
nus;188
akɾe;60
ɾaɾ;333
ssi;963
pɾe;2674
mja;196
ɾjo;1507
tɾos;951
ɾeɡ;1048
fwe;2303
aɡwa;93
sal;625
bal;220
b;397
bea;129
mut;5
kwa;852
iu;178
aɲo;827
otɾa;604
em;1825
ɡe;702
nun;276
ksa;121
ɡwnd;196
assi;954
sjem;660
xa;1495
ɾo;6899
ɲaɾ;94
mjaɾ;84
ena;122
naɾ;540
mis;954
aun;306
aian;415
pɾo;1952
ioɾ;1117
lje;109
sali;114
nas;903
abɾiɾ;17
bɾaɾ;139
seks;71
sien;680
otoɾ;993
mon;681
sen;2101
xio;784
saka;78
eʝas;281
kad;75
abe;318
suk;59
abeɾ;334
uso;100
sse;220
sjon;674
ble;1231
dub;113
dean;143
tas;2138
k;212
neɾ;479
see;1188
plo;522
nom;257
no;5578
pɾja;22
bɾes;343
pɾjas;2
kɾip;97
atjenķa;17
mes;930
aɡos;161
baen;112
teus;8
dei;69
tja;707
t͡ʃen;111
sis;680
epis;223
pus;289
subs;18
mus;42
et;399
eɡo;44
ɡwn;905
salu;42
us;67
kan;796
salwi;2
aɾ;731
t͡ʃi;243
dja;1128
au;464
ɾjus;19
sius;38
elek;533
tus;74
ʝs;114
nja;382
ɾum;45
ni;2882
xis;202
wi;29
ʝel;6
op;45
pɾas;31
sjus;7
sko;5
kal;636
sil;242
aɾķo;308
mino;323
ɲas;260
re;440
mal;245
t͡ʃe;461
fal;160
kjen;385
mwe;105
bles;182
sias;500
aben;328
sie;476
bil;531
auk;5
tɾen;75
apa;197
kje;539
fo;353
ɾķa;135
aiu;219
tal;602
sean;533
ɡwnt;179
ķa;470
mjeɾko;61
xil;408
sios;392
bja;1339
nu;699
amaɾ;89
ond;22
sjas;166
ɡas;293
ab;295
ɾje;486
iɾa;234
m;532
je;230
ksii;18
tjem;737
dɾo;681
bjo;672
kɾis;209
enel;2
ffi;14
spi;9
sson;1
sso;4
un;2582
ɾwiķjo;1
xen;493
ɡlo;113
adwo;1
ffe;18
ɾal;480
ffa;5
ljewen;2
lant;213
olwi;2
pjeɾ;101
kuɾ;118
mun;342
ake;994
ffin;1
ɡia;29
doɾ;916
ɾesķe;1
bwen;61
laɾ;380
kaeɾ;38
pɾjui;16
pwes;1104
towie;2
ffwessen;1
lewaɾ;1
reķi;1
tan;1931
akes;33
kja;23
dent;55
feɾ;500
nan;626
sewi;3
dowa;4
noɾ;181
kons;200
mx;4
ffan;14
ljo;166
ɡɾan;324
aju;2
ene;135
ɾjen;206
ɡiɾ;74
bwe;536
kɾee;33
ɾaķon;50
ɾwi;17
sio;2644
pwe;864
seeɾ;78
apɾowe;1
axu;16
kis;101
aka;226
tte;13
ɾķe;1
alos;15
alas;6
oɾ;953
kle;243
we;128
bsos;1
aɡwaɾ;27
ɡ;58
xus;405
xwe;291
ses;1001
nwewa;3
ɡli;5
pliɾ;185
ku;1496
plan;142
x;40
ɾjos;359
nxn;21
owie;5
ato;16
axun;11
niɾ;186
wa;41
nal;671
tes;2062
diɾ;208
ffen;8
et͡ʃaɾ;24
et͡ʃa;36
wian;2
kawa;3
bsen;1
abba;2
as;770
bsa;1
sau;14
u;67
ffon;16
amas;62
xia;127
tum;247
bɾan;169
bɾa;604
tɾaɾ;160
awen;1
usa;97
peesķa;1
salwo;3
usen;34
du;937
ɾas;726
xn;11
jus;17
pon;419
pes;586
anno;15
tɾjas;51
bjenes;189
ɾino;412
tiķja;3
kum;419
plje;57
ssade;3
ase;260
ɾewo;1
blas;62
wo;25
aia;370
sieɾ;150
peķjal;2
bɾen;29
plei;219
lit;254
kk;90
kkslb;1
kksl;1
ɾeķa;4
blos;53
t͡ʃan;290
pla;735
taɾ;1196
xoan;1339
awe;4
bjujen;1
ala;89
sjo;410
ien;170
ot͡ʃo;197
ju;32
kkk;306
nwewe;1
bno;3
ɾķja;4
ffiɾ;6
saɾ;573
ffɾo;1
eɾ;297
dɾi;786
tia;1
t͡ʃanķe;1
leɾ;136
len;620
ɡowia;1
os;259
pas;493
lao;112
ɡenķa;1
awi;1
senķja;1
taje;1
ton;315
alwa;3
ffɾei;4
tɾawa;1
pɾjoɾ;20
nwel;151
lop;85
ffje;1
is;531
dan;573
ɾķi;1
nojo;1
l;139
ri;266
ɡws;217
joan;29
maķa;28
ɾwe;228
jo;16
fje;130
ɡon;123
oɾens;116
ķib;2
dajos;1
tui;106
soe;1
sant;182
pons;39
dɾiɡ;74
ɾjas;290
kswa;4
deķa;2
rand;268
t͡ʃes;138
t;73
tjel;33
nowo;1
abbat;1
aɾwas;1
ro;361
ffis;1
kɾjuiɾ;1
seno;75
rei;7
reɡ;1
piɾi;60
ad;221
ol;67
ɡwe;56
fin;252
fwessen;90
adent;1
ɲa;1483
tanķa;16
apɾo;104
usos;83
fen;392
mei;31
bjan;159
tino;87
lķa;10
siɾ;460
ksje;221
fɾon;122
sjes;58
senon;7
mui;541
bjaɾ;56
fwes;116
ren;26
nid;1
tɾu;46
baeķa;148
ksks;150
ii;227
ksksii;36
objes;27
abwe;139
uno;612
kɾus;45
eban;16
ljos;21
ome;36
bus;241
emen;55
am;343
afo;24
salje;23
bean;20
bein;259
kɾe;603
abat;62
font;12
omin;10
tjen;255
mont;63
abi;201
njen;184
paɾt;11
kam;440
fɾe;167
ɾeɾ;21
aden;11
afwe;9
sol;145
fas;448
tɾ;38
tiɾ;215
nķal;480
rant;169
kla;456
aʝi;107
pen;422
oɲa;11
tod;27
sed;635
eks;871
biª;2
sii;17
mª;58
kkª;57
lks;46
ksª;33
dea;123
alju;15
ɾein;7
aɾanķa;39
oli;79
weɾ;104
est;12
seis;273
alu;26
faķal;15
kaķaɾ;32
lin;152
let;4
fɾai;105
ʝaɾ;412
fɾo;142
sib;303
dad;1565
ɾeal;131
pal;127
djes;537
mil;184
ant;22
maɡ;21
lwis;58
dal;68
iɡle;73
apos;31
pɾa;226
tɾi;360
xwan;207
bɾi;156
ofi;224
ʝeɾ;150
fu;315
aɡws;12
tin;649
ɡwan;7
sino;289
ksjos;1
bas;542
njas;14
sek;86
mao;124
mat;551
ido;28
bau;15
tis;214
fɾa;142
eɾe;23
edik;1
plu;29
puɾ;8
xja;5
ekse;19
sion;3481
foɾ;658
bɾos;54
asi;330
ɾjaɾ;3
kɾes;15
xun;156
bee;16
ao;241
sabeɾ;7
ɡɾe;218
adon;4
iba;76
nwa;47
ɾeno;10
sel;53
nis;502
efek;103
teks;41
siem;25
aten;76
xieɾ;231
fant;18
ɡɾand;126
deas;155
ada;13
fwen;147
blaɾ;76
sakan;18
ɾķo;93
akɾes;2
abja;96
dɡaɾ;54
bjem;83
odoaɾt;22
ɾik;156
ɡla;65
nant;123
lip;69
aboa;69
naķaɾ;51
ɡwenķa;112
nei;58
adam;69
fɾei;267
ɲes;422
ʝem;83
tjeɾ;91
swa;185
sweɾ;95
dɾis;145
lois;39
bel;150
foɾt;29
w;269
beaɾt;63
ɡwi;58
xes;219
fot;27
swe;292
leo;108
naɾt;32
ɡel;125
ɲe;232
beɾt;69
lai;146
tem;292
ple;260
iwa;181
dɾeo;37
miɾes;74
kso;84
ɾant;54
kwaɾ;136
xuķaf;2
baķai;1
pweɾ;165
ɡɾant;113
fɾu;43
ɡoɾ;59
ksiks;14
dino;12
pjo;126
mjos;288
fos;67
tɾin;19
ɡen;105
lei;207
txe;45
bɾjo;20
djano;114
apaɾ;83
abjan;60
pin;56
xwis;27
ɾenķo;22
nand;20
ea;42
pje;190
pɾen;223
xwi;181
fweɾ;219
sient;123
kin;221
ɲis;11
salud;52
abaɾ;15
deb;95
ie;195
fɾiɾ;8
aʝe;7
beeɾ;50
tɾaen;10
fuɾ;41
xas;196
kse;125
mul;81
xoɾ;316
tɾaeɾ;39
reɾ;29
osen;3
aɾm;1
adu;21
axe;9
ios;93
ras;93
ɡien;98
akoɾ;47
ɲos;269
ljen;37
abk;9
kel;31
obe;74
bjas;97
xan;142
otɾe;9
abjeɾ;102
esi;36
laes;11
temp;7
bu;249
pɾeen;6
ʝje;28
dɾas;49
amoɾ;74
mwes;83
ame;117
mjent;46
kɾu;72
saɡɾa;8
tjan;44
fam;9
pjen;42
bɾas;77
abun;13
fɾuk;12
ɡwen;26
ent;5
bino;114
lim;52
ɲi;25
mea;81
blo;186
akweɾ;147
emjen;35
ʝan;177
ae;96
ʝon;97
oso;36
kus;109
sessen;2
blan;151
fanķo;32
aba;152
oie;94
aɾe;17
atan;11
dikse;11
ksbi;62
ksksi;57
mee;23
ot͡ʃu;39
tjal;13
kɾea;64
obɾa;44
ksjem;1
leal;24
pam;25
xion;58
bid;38
kadis;36
kes;136
siu;327
aɾjas;57
flo;70
ɾjan;71
res;106
fjel;15
male;7
faķo;1
sakas;25
ussen;4
ɾķas;5
mweɾ;170
ieɾ;45
aɡwas;50
mje;78
ɾeb;1
fja;162
ksb;28
rjo;41
bjes;13
oid;1
t͡ɬe;5
dɡa;73
t͡ɬes;4
aɡɾa;139
alķa;35
ned;2
ɾ;23
pɾjo;25
dɡos;33
aɾo;13
aɾa;48
elei;7
lon;100
xias;18
anos;1
tea;69
oɾo;70
pɾan;14
tɾan;159
bjeɾ;233
oiɾ;21
oian;4
dɡen;36
dɡe;41
ube;28
ɡis;37
aɡɾe;73
ifan;17
lil;6
kwaen;17
naen;66
diɾon;4
rjan;3
lja;214
swel;111
pɾes;119
esos;56
esas;32
ɾai;42
suno;5
enan;3
ssas;55
esa;157
kuss;4
t͡ɬo;3
ksi;232
kks;14
bii;38
ɾom;36
lii;6
amos;21
dɾan;45
objeɾ;36
ɡwas;35
ɾol;20
bol;146
deu;22
ssassen;15
dus;156
ɾeks;45
ali;91
swi;45
ank;27
tam;404
tjam;25
xwes;99
ʝiɾ;5
fak;102
apud;36
bjam;1
bª;3
sep;131
bɾis;24
lksª;9
amo;83
xie;88
moɾ;80
ebi;66
ekle;14
im;494
okul;16
sabe;20
ami;109
uɾao;1
tɾajan;3
sabjen;1
inu;6
oku;95
soɾ;135
lis;327
asun;59
asis;37
djan;89
ot͡ʃen;10
tjes;17
ķas;5
pljeɾ;4
atɾe;23
ksbii;34
sent;9
abo;82
mem;11
bɾanķa;10
etsi;2
kwius;5
bet;23
nem;17
nea;76
tuɾ;64
stu;8
ixi;2
obli;108
eis;4
ei;16
dens;2
imi;6
ʝu;19
ak;435
um;13
ejus;3
sium;4
lens;2
abs;8
peɾen;2
assen;13
xi;942
meo;21
domno;4
appɾo;3
t͡ʃje;29
pis;82
tano;9
mati;2
tɾis;121
twen;3
ek;23
kwi;51
pɾees;2
iʝjus;2
ʝaum;2
kul;231
neis;3
kwis;6
akis;5
monti;3
fonti;3
ɡɾes;9
eɡɾes;3
swis;7
eo;7
kod;29
ibi;8
beo;20
ɾam;24
pek;174
appe;2
kut;13
eam;6
ɡɾo;195
tat;52
meum;8
jam;6
dik;70
num;34
dam;20
swo;12
eun;3
bat;10
ean;2
dem;15
ire;26
two;38
dum;41
kid;6
piɡ;9
seu;15
aljud;3
ɾea;208
oɾi;57
ppe;6
ɾii;17
ʝus;11
saxio;2
aljus;2
tɾet;2
beat;9
aut;4
wjus;3
nam;6
fɾin;8
sump;10
ɾit;44
iɾam;9
rat;9
effek;2
ɾeat;2
bwit;3
damp;11
sam;20
siat;2
ul;225
paɾti;8
ɾeos;13
ok;96
iʝa;11
twat;7
ale;178
lª;3
kun;21
nans;11
abbas;5
sank;41
bit;8
ias;48
aɡi;81
t͡ʃoɾ;25
paes;23
keɾ;13
wel;51
abon;26
assa;4
ʝen;29
mees;6
dɾos;6
aso;49
seo;56
teno;13
fjo;47
desko;2
ai;354
dɾja;99
ssades;9
n;57
sjeɾ;95
bɾo;179
aʝa;62
ɲiɾ;8
ɲal;34
akaeķ;1
eksi;100
offi;3
alwen;4
alon;68
oɾa;28
atal;12
pɾje;10
sjos;14
akon;16
bjat;7
ksksb;24
beno;24
njan;53
omes;1
sian;61
fiķo;5
ķaɡ;6
ou;13
ɾens;12
ljan;23
usaɾ;21
solte;9
ree;1
kwes;87
wes;68
ķon;11
ɲje;7
ɡeɾ;46
seb;2
ata;130
lekse;2
leksen;2
keķas;10
ossa;23
ɾui;34
bon;41
kai;59
ɾais;37
djaɡ;29
unas;99
fwent;11
peɾe;2
dekso;11
dadxe;20
mjenķa;4
nķon;6
kee;4
kea;14
pɾin;146
tel;56
tjas;75
xaã;4
asei;25
kot;5
tã;5
ɾmi;2
ɾmino;1
mã;8
aksa;5
fes;97
ndo;2
ã;18
pã;5
kwas;9
apɾi;11
oɾiwe;2
ari;98
etse;10
blen;4
iwe;24
abel;16
miɾ;105
pai;139
apɾe;62
apo;110
pɾon;22
obja;1
noti;1
asjen;13
fjes;49
et͡ʃo;9
toi;121
pjos;36
doi;24
bjeɾno;256
axi;7
ana;64
et͡ʃes;1
xel;37
asen;19
xoa;47
kɾja;42
keis;3
ɾu;211
ɾob;10
bjespe;2
njos;24
pjes;15
sem;42
kweķas;5
otu;7
kontɾ;3
aren;106
kab;9
djent;2
oʝa;2
pɾein;32
fem;16
kɾeen;23
obɾen;8
kaķa;14
amen;22
aiun;43
bjal;9
akus;3
pjeķa;12
pɾod;9
minɡ;3
ɾeino;59
pwen;43
ʝal;14
tanti;5
kanķaɾ;3
axunte;1
et͡ʃe;7
dekse;21
lid;12
oɡa;12
laķwe;5
emos;24
rja;29
ksksks;14
soaɾ;5
abis;5
mel;13
ukles;15
ɡie;38
ese;179
meis;9
usassen;2
mais;31
oil;2
dɡal;1
rjon;11
rea;10
tɾja;102
ksksª;6
bem;10
sit;34
t͡ʃ;76
ksaɾ;12
majo;3
aɲa;72
ljano;23
sjal;4
twal;88
ubje;22
xenķjas;1
eles;1
kseɾ;1
ksan;12
efe;58
leeɾ;21
inti;10
ele;95
ksjon;17
ofɾe;63
saliɾ;38
twiɾ;7
sjaɾ;1
sei;19
aɾenķa;22
eɡli;1
odɾes;2
sakos;7
ssan;25
dxe;9
loɾ;127
t͡ʃel;7
tɾae;4
ɾķaɾ;9
ksbª;2
dii;11
fwi;30
sens;6
skɾip;28
ɾis;200
djam;1
dissen;2
sta;13
dono;23
ʝam;23
ʝum;4
sint;3
ut;23
iʝam;7
eteɾ;12
alja;12
ɾeo;24
lwat;2
bam;14
tfoɾ;2
ʝja;11
ral;16
ɲwe;12
ɡal;52
biķo;12
wep;5
dee;3
bai;48
aban;70
tɾal;58
pɾaɾ;63
plid;3
eɡwal;7
bei;17
ate;16
dɾal;19
tɾai;40
fjeɾ;10
tfoɾt;22
wt;41
tfot;19
tɾiķ;4
dond;12
sial;328
ʝoķ;1
dɾiķ;2
peɾte;23
dɾes;100
bna;2
bne;1
dɾik;19
xal;8
aro;63
fɾja;13
t͡ʃjel;2
naa;5
xon;195
asem;2
xet;11
ekseɾ;11
xaenno;3
bae;13
fans;16
domp;6
appa;6
exi;15
djus;10
okse;2
abu;39
rjus;3
ʝii;7
njus;11
ɾus;61
majoɾ;44
tɾus;44
manti;12
tjus;6
rii;6
xius;10
xaɾ;147
idos;2
fust;4
afiɾ;115
fun;183
uɾja;1
twa;210
ɾwis;30
rjen;25
senķo;8
tono;19
kae;14
sul;177
edi;44
kanti;63
aru;6
liks;3
aku;113
pɾeɡ;5
urja;1
r;6
seseis;3
sintje;7
jen;15
aɲoel;1
t͡ʃu;32
kka;15
iʝo;6
idem;2
bik;119
pit;2
mam;13
twit;4
twi;42
pʝ;16
ppus;2
joa;4
dop;1
okso;9
kat;10
ppi;8
jae;6
asses;10
ɾusjo;5
pja;73
ʝaķu;1
pet;1
djeɾ;16
iks;18
maķo;1
dont;10
aboadi;3
tfo;2
p;53
ɾoa;19
usu;16
kanķa;5
dwe;106
t͡ɬa;2
ɡad;1
ɾaf;2
dai;32
t͡se;3
oka;50
fanķon;11
aķa;8
ʝent;1
ape;77
neno;13
atɾi;20
objaɾ;1
odjo;15
bɾal;25
ʝano;11
aoɾ;2
pel;43
aɾan;16
iķa;4
aɡa;33
tid;1
pee;2
jan;16
mº;2
kkº;3
lº;2
tawo;1
aio;4
are;41
nalt;22
sanos;7
kskª;1
pwent;4
deo;32
aʝent;8
iª;17
ksiɾ;14
iat;8
diksen;1
lanķa;9
pun;137
pɾjos;3
bib;18
edat;28
dɾon;18
duk;330
flan;14
tɾwe;3
ɾif;9
atao;4
ɡaet;1
iun;14
ola;11
ariķa;1
ura;2
ɾanķa;3
bissen;2
ɾem;16
pau;27
ddi;4
fwit;1
iʝus;4
ukso;8
sub;53
kens;2
mons;11
tɾat;1
elu;7
kant;15
bul;31
idjo;7
et͡ʃen;7
abjene;1
njent;1
tɡa;1
tɡo;5
ʝjo;5
aseit;2
peo;89
dse;5
fus;6
alo;19
oxos;36
omi;7
feas;2
mans;2
tot;5
saen;7
ot͡ʃaen;2
iii;6
maɾtii;3
meent;1
noi;4
doa;9
dade;2
ot͡ʃa;21
ķo;5
t͡ʃaɾm;2
beaɾ;1
akos;24
ius;5
santi;4
ʝin;5
pjela;3
otɾi;3
usan;19
aiam;1
kɾen;1
ksjeɾ;3
dɾjen;6
nķe;1
biss;7
peķa;2
eɡwa;10
oteɾ;4
koe;18
deksen;16
sessaen;10
abɾa;31
ksu;2
ksen;5
maiɾ;6
konte;3
ɾao;4
sissen;1
xium;2
wnk;1
xiam;1
det;1
sik;18
pɾop;2
aljeno;1
spon;1
uni;299
naja;2
sum;4
emp;2
ɾet;10
eos;3
nek;20
deun;1
dwo;13
ob;173
munno;3
naɾd;30
bissas;2
ossan;3
ɡam;6
boa;17
afjen;1
t͡ɬos;8
beet;1
t͡ɬas;3
aɡw;21
ɾeķaɾ;3
ado;22
usaban;5
ama;58
sejo;1
afoɾ;16
sepa;8
bju;19
bwi;15
bɾanķas;1
kjas;15
klwiɾ;12
pɾwe;66
plaķos;1
adi;31
ane;17
meķa;1
tud;84
bap;2
xwa;22
manķano;3
pei;31
pɾu;8
pljen;15
kķo;4
diɡ;46
abad;21
dol;8
amjan;2
dau;1
eɾas;5
lino;47
orjo;1
bwei;4
ote;14
ɾiɾ;41
sef;6
abea;3
kwant;6
mjem;57
ako;45
kwantjo;2
ɡol;85
use;9
fast;4
kissas;3
sassen;3
elos;5
mond;14
xul;8
buķaid;1
njel;8
plaķa;13
foɾno;11
fɾwen;2
tol;10
sabo;4
ɾjoɾ;140
kontɾo;7
twaɾ;27
obs;42
iɡwal;72
exe;60
opoɾ;42
tuno;4
tɾjo;13
ilus;8
kma;1
ins;150
tɾwi;17
missas;3
fei;6
kadit;1
omaɾ;5
oɾe;22
dɾje;14
soi;74
unjon;56
apli;40
lwaɾ;9
epo;20
flik;29
bjene;12
ɡɾi;59
ʝjeɾ;1
ɡissa;4
ment;14
abeo;1
abum;1
irewo;2
sjue;2
aud;1
daķa;3
kaja;5
xai;35
lea;60
nel;30
iend;1
aɲi;5
bɾwa;2
ano;37
dɾu;10
aieɾ;69
uɾ;48
ted;26
lum;25
iro;1
rum;7
piɾ;3
opo;45
opon;2
eben;11
koa;24
obɾaɾ;4
fjan;26
sasion;28
pleo;81
iɡwa;20
subal;2
ɲeɾ;4
fjaɾ;9
sies;13
sjan;15
tɾak;13
atke;2
esiam;3
xit;1
fjunt;1
dju;2
sunt;2
obljujo;1
ʝeo;8
net;26
bɾei;1
mawiwos;1
dit;7
salwa;1
iʝud;1
elem;1
bwaɾ;1
feɾt;4
ram;3
nawa;3
iʝum;4
lem;10
nat;4
alwei;1
flu;12
ip;16
ɾek;181
nati;2
ljum;4
ɾent;4
siant;3
ɾawe;4
lewawe;2
tet;7
iʝis;4
aljam;2
djum;5
ɾjam;5
tawe;2
ɾou;2
bawe;2
twoɾ;3
mum;2
alje;5
feɾno;1
wiwos;1
ʝjam;3
idus;3
kª;1
eu;213
deam;4
ɡwm;4
apɾes;2
afɾonte;1
afɾon;19
njum;7
beas;4
maķan;3
ʝaķos;16
xoas;1
raɾ;30
pljan;3
pɾoi;1
ɡɾon;2
ksl;4
kɾjas;4
aiunte;2
mjas;28
apla;32
ora;1
fɾen;153
ksel;1
baa;4
pea;80
abbad;1
benķu;1
edad;24
dɾeam;1
punt;4
kwano;1
osu;2
usas;6
ɡɾos;26
iɡ;16
sju;4
umil;2
xien;16
ɾķaa;2
ɾiķu;3
uw;2
ʝuɾte;2
riķa;2
opau;2
rek;21
sari;2
saɾt;2
ķal;2
afɾwen;4
dib;2
fai;7
ɲu;2
uɾat;2
rauɾ;1
aseɾ;37
ķwaķu;1
reo;7
ɾade;1
aljo;3
plum;1
twet;1
ɾint;6
nol;10
aķaɾ;1
dend;8
beinteno;4
ɡet;3
asno;9
klo;36
desd;12
swas;1
apweɾ;1
tao;2
kite;1
kaen;7
bono;12
oma;2
twel;2
riķo;5
nenķa;2
fɾjas;5
dɡan;6
xuɾ;7
lķos;2
ida;16
abɾi;15
xoi;1
aķe;1
nwt;1
rje;15
aʝend;5
ebɾo;6
akent;2
lwen;6
fwesen;3
kɾeja;8
deno;3
pɾei;1
tɾaje;1
uss;3
xeɾe;2
fano;2
aljenoɾ;1
toti;1
atje;1
olim;48
mawe;1
ris;4
ppli;3
iiª;1
bº;2
ksksiks;5
sjet;3
ssem;1
ion;19
lano;20
sano;15
ʝat;1
ɾalt;4
din;13
feos;1
xies;3
ros;37
ffak;1
plaķo;2
ɾaķo;5
lel;5
apɾeķa;2
akai;1
fjal;6
dɾjan;23
adaɾ;3
biķos;2
menķa;10
riɾ;10
eksal;6
t͡ʃjes;3
kɾjaɾ;2
kao;19
tun;24
kaos;8
siaɾ;62
axwaɾ;2
suɾ;83
ljas;21
pljes;1
ɾaa;2
nowem;1
tfe;2
ɾat;4
beinte;1
osoi;2
usus;2
adoa;2
ɾwa;25
aʝen;5
mjenķo;1
dexu;1
bɾano;9
item;73
ɡweɾ;34
moa;14
asul;24
ɾwan;8
ljenķo;7
abɾe;8
iɾe;4
seja;4
njun;1
kn;4
aras;15
pul;74
afek;36
axen;35
dɾid;143
njano;2
ʝeja;1
sena;35
iɲi;2
ɡontɾwe;1
akseɾ;1
abwia;2
faɾ;20
saɡɾje;1
desi;11
fɾwent;1
abjo;15
aroi;4
bɾino;3
oɾja;1
fjeɾno;3
kɾei;13
sabas;4
ʝek;1
lek;118
ɲen;7
dikseɾ;1
beinti;3
enno;3
bjad;2
keo;14
plas;10
ɲel;1
kussen;4
kei;5
ljeal;1
ussa;7
ussaɾ;2
elas;5
iɡli;1
ɡano;15
ela;19
ʝiķa;3
kap;19
tent;2
sein;3
ɡɾesjas;8
ina;15
mate;2
pɾessa;1
njon;100
isi;6
ɡlaɾ;7
fla;29
pud;3
mjenķan;1
ɾjep;1
koi;9
menķaɾ;2
apɾen;28
deksa;3
dɾit;4
nii;4
ɾjenķo;1
iº;1
reen;1
ru;6
teos;11
apɾessen;1
sinti;2
eran;1
reaɾ;6
aɡɾant;1
eksa;24
ino;21
ɾwo;2
bnjueɾ;1
njam;4
kwos;3
wiɾ;7
mens;1
pɾowi;2
siam;1
pɾos;22
eki;230
fawo;1
ljus;2
kɾa;131
tjui;1
ope;160
dix;1
adewo;1
lix;1
ɾwen;2
inwi;1
lans;1
ʝet;1
eni;2
teat;1
ksit;1
affek;1
djui;2
ita;51
pɾomp;2
stan;6
nwis;2
njueɾ;1
tɾam;6
injun;1
ɡau;7
sat;1
dewo;1
demp;2
tjum;1
mowen;1
ɾjum;4
ful;12
wik;1
tɾum;3
deat;1
enim;1
tix;1
ɾix;2
twam;1
speɾ;1
opus;2
xs;4
et͡ʃ;2
ɡɾu;122
eunti;1
dul;17
ɡdu;1
maix;1
plja;35
seps;1
likum;1
leant;1
pɾowe;1
likus;1
fawoɾ;1
twis;1
kli;28
sara;2
mowe;1
tɾiti;1
anaɡ;1
nweb;9
saabe;2
axus;10
iɾan;11
toɾno;39
sses;2
naben;2
akei;2
pɾiɾ;2
eno;69
elo;8
ije;2
twe;6
bse;3
kaɾe;3
aɾis;12
djeķ;7
emi;63
bent;3
fol;4
sekje;1
dwei;1
ara;14
ste;8
bed;1
saban;7
ksksib;1
sim;67
peķo;1
oʝo;1
xeoɾ;19
seint;3
iksje;3
oia;4
aɾenķadi;2
afi;34
ɡat;5
eɾo;1
aɲal;2
miss;3
ieɾno;7
iwan;4
lus;49
mik;5
ɾjaķa;1
saba;3
kussa;3
naķ;1
plea;40
pleas;10
t͡ʃin;8
fɾwi;1
kɾjanķa;1
ori;4
araa;1
ɲad;1
osan;2
plin;1
dɾjas;9
ɡias;11
xent;2
enes;5
xesas;4
floɾ;16
aķ;1
ɾwas;2
apwes;15
mad;5
ded;1
kwã;4
lbes;1
xoã;3
twã;1
arjen;4
ɡãºn;7
djã;3
klã;6
ljã;4
at͡ʃã;1
fã;1
ɾjã;2
tɾã;1
ɾã;2
rã;4
pjã;2
ɾde;1
peoɾ;30
lee;12
tjã;1
dã;5
nto;1
souno;3
ksei;1
ksal;1
meen;2
pwã;2
iãº;1
aãºn;1
abã;1
nɡa;1
sjã;2
mjã;3
ɾko;4
ʝã;1
sã;2
pti;2
ndes;2
ɲja;46
bɾiɾ;13
sapa;5
som;25
pjel;24
djei;1
aades;1
dou;70
fala;1
dous;1
ʝoɾ;10
sou;4
nuno;2
baldoɾ;1
dom;4
dok;25
kate;10
neo;43
teɾno;14
njal;34
tɾwiɾ;17
liksen;2
keaɾ;2
pees;1
ɾjel;1
bɾiķwe;1
kɾed;1
djel;7
mant;2
eso;166
leis;1
enea;3
t͡ɬeon;1
aie;4
tjon;57
kslii;1
bjade;2
rin;7
odes;1
saɾķa;1
bɾje;5
axos;1
pino;3
bekso;4
iad;2
ʝjus;6
aɾje;3
oa;2
dak;7
dakk;1
kwo;8
ont;2
wɾ;22
oki;3
ķuaķu;1
naf;1
sae;1
taen;2
manķa;1
obɾe;21
araes;2
kaķas;1
ķae;2
amin;1
ksbiª;1
iwi;1
itu;1
lanķon;2
fons;1
ides;3
fwie;1
ɡwnķal;1
xae;2
bɾjen;3
ķaɾ;1
ɾķu;1
niķa;1
siti;1
ķau;1
ķaawi;1
feit;1
fee;2
onwius;1
aķu;3
alau;3
deks;1
atos;1
kim;6
addial;1
bojoɾ;1
boɾɡ;5
dons;1
ʝjeķ;1
asa;6
bek;2
xau;13
maul;1
t͡ʃon;9
noom;1
abnel;3
mit;1
absweis;1
asu;36
sene;1
lain;2
neid;1
dim;5
balaus;1
kɾeeɾ;15
onoɾ;1
nit;1
isje;1
eti;10
sjano;1
ɾjano;20
ɲjo;1
fɾeɾ;1
tesja;5
ķi;2
ɡlos;6
ani;95
kɾeo;49
kɾjo;9
kjal;2
pol;13
akom;32
kjem;2
bjena;2
ksja;4
daķo;14
saljen;7
fɾi;49
t͡ʃum;2
ial;2
t͡ʃun;2
manķos;2
manķas;1
nesen;1
seas;9
aksjo;4
anu;8
akaes;2
fwiɾ;1
ɡieɾ;1
ʝķo;4
fenķoɾ;2
aɾi;17
kauķa;3
moan;11
ʝn;42
ʝkso;2
dɾea;3
sasies;2
aran;13
t͡ʃiķo;1
ines;19
kweķo;1
bɾjel;3
tɾwo;6
fɾjos;3
foɾtun;2
fek;59
eʝ;4
daķos;2
kano;83
ķam;2
t͡ɬu;2
abeno;1
isa;3
util;5
ofɾes;4
mai;19
ɾano;31
pɾee;2
sadoɾ;1
tulis;1
bɾon;19
kɾeed;1
ɡɾwa;3
taķaɾ;1
ɡio;29
lwi;3
peon;37
eksjem;2
plaķas;1
dɾad;4
beaɾd;2
obɾas;16
bbi;3
ɾķon;5
meksja;1
alin;1
aiais;1
ɡais;3
tɾans;127
aksjon;1
ipu;1
dais;2
apɾeen;4
deis;2
pɾoʝ;33
olun;1
bɾiwe;2
kɾs;3
arojo;1
deus;3
tk;19
nķ;4
tisse;1
tfwen;1
enos;1
xunk;2
ljeɾ;2
et͡ʃi;6
ɡwai;19
oio;3
amis;21
ili;3
ɲan;20
ɾuk;2
tek;129
diks;1
saķon;1
era;7
mweb;1
ɾķos;1
lķas;1
kob;2
luķo;1
ɡɾesja;4
moi;11
oɾen;4
taw;1
ussassen;1
ʝaķo;1
taķan;1
aķo;1
djaɾ;19
ɾjeb;1
axeno;8
dwes;1
blja;3
rjos;3
tɾeinteno;1
ksoks;2
akend;1
olea;9
fda;1
seɾl;5
kɾuķa;1
ksli;2
kiɾ;4
kɾjen;1
xin;2
uɾa;13
ɲon;14
ɲino;9
apea;2
sjam;1
dans;1
twens;1
klu;159
dɾee;1
mau;12
xii;1
injes;1
arja;3
aɾķos;1
sako;7
ɡɾen;3
kksi;1
iban;15
sex;1
aɾaɾ;1
inoɾ;3
banķas;2
neaɾ;3
mekso;2
uti;60
bn;2
laķo;2
asja;14
saljo;6
ksas;9
sabja;1
xeja;1
jã;2
aboam;5
met;3
it;3
kait;4
et͡ʃan;7
kaid;1
iɾja;3
nil;7
oɾje;4
fat;6
adou;3
lom;81
oxo;12
nok;9
anķuɾ;28
amiɾ;1
sand;1
kksks;1
boķ;2
sessan;1
kɾjujo;1
tai;9
alwas;3
nia;1
ɾoos;1
ʝjes;1
plil;1
seķa;1
ofɾesko;1
dɡad;1
anil;1
njes;19
sseint;1
ain;2
asam;12
kseid;1
tfu;2
ɲoe;1
ɾid;3
onjun;4
kl;3
kba;1
lwet;1
ksuɾ;1
ksat;1
bals;1
leķaɾ;1
kaķoɾ;1
senķa;1
aksiɾ;1
rwe;3
pɾaɡ;2
dano;14
arel;2
onķas;2
onķa;1
been;2
xian;8
aress;1
tdɾa;1
ɾap;3
ɡae;1
lais;2
ubas;3
asol;1
asse;1
atɾa;28
nķo;1
pɾ;136
pɾis;5
lanķas;1
afjaɾ;1
kson;4
arjes;6
tjee;1
ljaɾ;15
baɾe;1
mjan;5
ɾae;1
ʝuno;1
ķwe;1
twes;2
siwa;1
sans;6
oxas;2
oni;1
tɾuk;69
neos;12
abeis;3
iɾeis;1
koas;1
eli;78
ksjen;1
meksoɾ;1
ɾjes;25
seais;1
osoɾ;1
deķiɾ;1
xno;2
salķe;1
faķen;1
xsa;1
mxe;1
raķon;2
danno;3
awan;1
ɾķed;1
tou;6
ɾwiɾ;1
faķeɾ;3
wen;1
ɾeķi;1
mxo;2
bxno;1
sķu;1
mxos;1
mxan;1
nķejo;1
fiķje;1
mian;3
med;3
tɾeķjen;1
salis;3
dwaɾ;3
twan;8
flwe;1
aɲil;3
iten;1
umi;2
samu;2
pjas;26
lenķwe;2
ɾju;1
oksi;148
akɾee;6
xje;2
klau;13
apɾwe;1
bua;1
ɡɾwe;4
kɾejan;1
plen;15
mein;4
oɾas;1
apel;3
rɾan;1
salja;2
sessenes;1
jaeno;1
ksiª;1
tɾain;2
dba;1
adɾjan;1
lenķa;2
iʝe;3
ksjes;1
maa;2
kaķab;1
abenwt;1
ufi;1
ales;1
ubo;1
nesse;1
pois;2
eksissen;1
salissen;1
ees;1
bwisset;2
post;4
nisset;1
fwisset;1
iʝos;1
nissent;1
eksissent;1
owe;1
dissent;1
eksjant;1
njeɾ;2
maes;3
alwe;1
tɾwen;2
obiss;1
atjen;5
obissen;1
aius;1
eɾja;2
dɾin;1
eɾjal;1
pɾak;68
tɾjos;1
ɡɾaɾ;30
nean;4
dwos;9
meam;1
aken;1
bjekso;2
isabel;1
ķju;1
pwa;1
;14
sejan;2
fussen;1
rean;1
tjeɾkol;3
osi;1
osades;1
osaba;1
abino;1
oljo;1
kit;1
tiwa;1
fiks;1
oɲat;1
fɾoi;1
pljo;13
balt;1
t͡ʃam;5
bɾja;40
fɾwe;1
t͡ɬles;1
leom;1
lib;1
sakad;1
beb;1
ɾed;27
xeuf;1
oɾjen;16
oɾjent;1
mjel;2
mawa;1
int;1
siwe;2
poaa;1
asee;1
bwios;1
sun;28
banķa;1
saben;2
ates;1
atoɾ;1
abono;3
liksi;1
bjeksos;1
aɡan;1
ķue;1
ɲat;1
aljen;6
poɾs;2
leas;4
wos;1
kɾo;65
klaɾ;7
sjenon;1
edes;2
uɲa;1
dess;1
kil;7
ee;9
maķano;1
etjam;2
iʝi;1
unum;1
plus;6
oksas;1
nent;2
oɾwe;1
eas;2
bwis;3
meas;1
kem;1
neat;1
nawen;1
fpa;822
edf;5
fpt;821
anun;87
eaa;3
tsu;2
tjos;5
iek;73
eneɾ;37
kfe;3
pp;66
emo;401
ilu;25
fɾau;16
pɾeo;61
kuns;20
at͡ʃa;4
exem;63
psoe;55
beis;5
stet;2
ds;18
ufin;4
tɾol;28
blel;2
dinɡ;5
ɲol;74
aus;58
ans;1
reno;23
adap;14
new;3
ɾk;31
ppous;6
ewi;3
tt;17
fteɾ;2
wim;3
asio;1
bwel;99
sto;11
woodfoɾ;1
sins;1
abɾan;1
djal;64
tim;7
ɡɾeɡ;1
ski;9
bind;1
wan;4
ekwa;45
tti;34
skent;1
at͡ɬe;52
sid;30
af;6
tau;12
aɾea;14
oes;13
feu;5
pljas;3
daon;2
ubi;9
aeɾo;28
nau;30
bma;12
kleaɾ;12
sk;12
afe;1
wn;20
ts;31
ilja;1
nob;15
ɾeu;81
anoɾ;2
pak;35
eroɾ;11
fɾaɡ;4
ini;73
was;18
ɡton;21
pɾoa;2
dob;3
klwian;1
ɡmt;19
eeuu;46
ɡian;5
ɾjal;48
ms;13
lab;3
diʃ;1
ljal;14
isaɾ;1
ibe;20
eko;156
noa;21
dwa;12
adul;9
edu;25
xenas;5
baʝa;6
adwa;5
xena;1
ib;1
tɾoa;17
klea;5
efi;29
puɡ;7
sioe;2
ɡɾal;3
nwiɾ;2
ɡwal;2
rup;14
pljaɾ;8
pais;203
uniɾ;5
leno;33
t͡ʃet;3
ɾak;66
klwi;33
bɾjos;1
nwaɾ;12
adop;32
exip;23
eɾwin;1
ɡle;12
eksis;110
ɾeas;13
onu;11
eba;17
pjaɾ;4
nai;13
eljes;8
otawa;1
apun;33
sat͡ɬan;1
xano;6
asal;13
at͡ɬanti;3
asep;61
adal;1
f;5
nedi;11
akla;12
aplau;25
ples;14
kɾeaɾ;20
idea;39
klin;34
klan;8
tɾjaɾ;4
edwaɾd;4
atɾas;22
tts;2
sani;17
bɾad;3
buʃ;26
lean;8
ima;51
iɾo;94
bom;40
deos;14
iɾak;7
iol;9
tɾjun;53
nou;7
kamp;6
ɾaul;10
ati;3
klub;28
boi;51
tbol;47
bwiɾ;7
swal;18
fk;10
anti;22
flwen;10
ens;2
exeɾ;30
bakeɾ;6
nwal;10
ofeɾ;26
palm;3
opi;57
ʝaa;1
tɾjal;14
kkoo;12
uɡt;12
kljen;21
rjas;4
peas;10
kleo;4
kmt;2
seoe;3
seim;2
kou;5
sitwa;10
pib;5
kɾean;6
iaɾ;18
meɾk;3
banka;3
ɾees;5
ero;9
dunɡ;1
pljos;2
ʝeɾt;1
eɾs;1
nk;24
ksob;1
kbk;1
ipb;1
ɡɾoup;10
bs;5
mited;2
bou;2
t͡ʃjon;1
anwa;5
ft;13
foods;4
ɡɾano;18
ɡwɾ;2
bkɾ;3
kɾajo;4
tju;1
fono;8
sob;1
best;1
atɾai;2
twos;1
tɾoi;2
xol;14
pleos;5
mek;3
fɾeno;3
axil;3
klos;16
aleɾ;8
tɾon;7
ɲjas;21
win;5
ws;5
ftwa;1
nwi;12
waɾ;2
fɾak;9
fle;36
abɾen;3
ibeks;2
okde;2
bɾu;42
peos;11
omk;13
koɾd;11
aboɾ;11
kfdt;2
kftk;2
kɡk;2
kɡt;4
def;5
une;11
apd;1
apeɾ;15
atɾak;12
ebo;29
bɾin;8
opep;8
anwal;9
ril;6
ɡwate;13
taa;1
abul;3
ɡeb;2
kuwait;2
ɾauf;1
ɾawa;1
kjes;3
aɾnd;1
st͡ʃ;7
seul;1
aɾais;1
t͡sa;14
eta;83
ine;14
miks;9
bnɡ;1
eɾk;7
abɾu;4
ɾod;2
sla;2
uɾu;17
oasi;2
ito;4
oea;12
tɾjon;5
beja;17
ɾim;1
aɾja;2
kooɾ;19
ɾjad;1
mol;8
pse;8
iden;23
kwanti;1
kwau;3
mok;3
tɾik;5
aljan;24
pɾd;9
mtp;2
t͡ʃino;15
sw;1
ile;27
ɡɡou;1
aɾte;7
swes;2
koin;32
xiu;3
nissan;1
kouɾs;2
kwit;1
nni;1
xean;3
ɡai;8
esp;4
neas;10
aiɾ;7
nwas;4
abɾup;2
uswa;6
st͡ʃi;2
ff;8
ieis;1
xiɾ;34
xenes;3
tenti;14
ous;3
eksʝ;10
dɾeks;1
foun;2
ʝeno;10
slam;8
land;8
fɾjan;1
at͡ɬan;11
peɾspek;10
osaka;7
pekin;16
taka;1
iso;4
obk;2
ɾeuɾ;1
neu;20
mikako;1
ʝis;4
kjo;9
xok;1
onɡ;4
woɾld;1
mani;2
uk;2
inun;4
t͡ʃil;1
aʝ;35
fjos;2
ijano;4
spe;11
iɡt;10
ija;4
fɾank;4
spei;1
ɡt;3
ɾee;15
maen;1
t͡ʃaud;4
ewd;3
abjon;6
sao;9
exeɾsi;17
tsx;2
til;27
kln;1
kne;9
pleno;13
eljas;1
xawa;1
elje;1
foks;9
tna;4
nɡw;2
wu;1
donɡ;1
feo;15
enano;1
neksos;1
ɾwano;7
tko;2
mla;5
bkob;3
tɾoika;1
xail;1
t͡ʃob;1
t͡ʃis;43
sds;2
bsp;1
lju;1
leb;1
sanɡ;3
seɡ;2
leen;33
daka;33
idoja;3
euska;3
pnb;34
ais;19
nika;1
rans;1
boe;1
tuɾno;10
klis;28
tten;1
buɾɡ;2
ɾau;1
abas;4
fweɾs;1
mm;3
xeɾaɾd;2
ɾoe;17
peis;1
tean;8
bild;1
kɡo;6
ɡmd;1
kbpo;1
ode;1
t͡ʃt;4
ɡxio;1
buɾsati;5
ixm;1
beɾad;1
ɡko;1
bjano;19
tbo;16
aleks;5
xea;6
oxa;14
uli;1
edwin;1
edwaɾ;9
xeo;11
banni;1
aɾjel;2
ams;8
xse;6
rai;4
ɾel;4
pɾsk;2
pld;8
abɾje;1
ekso;3
baka;12
alum;7
emeɾ;11
sasio;12
aɡɾu;4
kd;9
ud;6
adum;1
psk;7
naos;1
fɾjo;31
kono;3
ron;3
teaɾ;12
fik;6
twas;1
wil;4
twian;2
sekso;6
bb;8
kloa;4
ɾeen;3
ɡlas;9
saɡa;2
fm;1
xeks;2
kbm;2
sato;3
nesas;3
fɾes;5
stxe;1
kontɾas;4
asia;8
eksak;11
kɾoa;17
nik;12
sti;1
meaɾ;1
sls;4
atɾaeɾ;2
ɡwo;21
sdp;3
ns;2
ls;1
blea;10
ids;1
aʃ;1
ed;7
mund;4
stoi;13
aɡ;6
beɾeu;1
sü;8
ddeu;1
tunɡ;1
ɡwos;3
asiɡ;2
stpi;1
ukɾa;2
ibeɾ;20
sak;9
web;7
www;1
ɾsb;1
fluk;3
ʝips;6
amp;3
ksem;7
bouɾɡ;6
tebi;4
deɾno;6
lowis;5
tton;2
moet;1
nessi;1
lb;2
aɾeas;3
tt͡ʃe;2
naʃ;1
toksi;4
eɾika;4
asom;2
lap;9
djoam;2
fɾas;17
ipe;2
kɾois;6
buɾsatil;3
bmb;1
wta;1
dwal;8
lenka;1
kko;1
ɾsa;1
lud;1
sbk;1
eman;1
ɡljaɾ;1
aɾɡ;10
nooɾ;1
lwa;5
dko;1
ɾkin;1
pao;7
sanjas;1
kfoɾt;4
st͡ʃu;5
t͡ʃeɾ;11
ɡt͡s;1
aɾau;1
itb;1
kɾoe;1
dep;1
bɾeeks;1
ɡɾeen;6
pano;3
fae;2
iɾu;9
nalti;10
eteɾno;6
at;20
tik;16
ska;8
anoe;1
bao;8
tana;3
ssel;4
sinɡ;4
ɾeaɾ;3
tnam;14
adʝe;1
loa;4
ares;7
ɾeak;29
akp;3
bolteo;1
akwa;1
miai;1
ɾul;1
otan;9
sate;2
tɾje;3
at͡ʃu;2
eɡw;4
eɾos;1
fiti;1
uru;3
dɾeu;3
pil;7
akb;3
adjes;2
blau;5
t͡sjas;2
obeɾ;2
als;2
eftʝ;1
aɡɾo;5
njeɾs;1
kuno;2
sɾa;1
bun;9
taɡ;4
t͡ʃka;1
kdu;1
fpoe;6
xoeɾɡ;2
plaɾ;7
klaus;1
nkel;2
not;4
tak;25
flwi;6
tjons;5
ʝwis;2
ɾup;5
iɲaki;4
saɡas;6
saens;3
beʝku;17
smi;3
klew;1
low;1
siks;2
simp;1
walʃ;2
wɾi;1
maɾs;1
ɡɾeenam;1
t͡ʃol;1
niska;1
step;1
aron;2
one;6
tta;8
ɾoɡ;1
maiste;1
lot;1
nee;1
koen;3
ɡbɾ;1
kkei;3
tto;10
pakis;1
ɾako;1
bɾoad;1
peak;1
ebe;1
ɾest;2
ʃis;1
panɡ;1
oiu;1
maka;2
nano;3
sabjo;7
njoɾs;7
wal;3
mwel;5
arwa;1
st͡ʃe;6
ofen;37
adwe;2
kɾam;8
apɾje;3
oɡɾo;1
baku;1
pleaɾ;3
tiku;16
salon;3
ɡolf;2
skaʃ;2
sitwan;2
ɾadi;1
ttɡaɾt;4
tt͡ɬeɾ;2
apu;1
sapoɾ;3
aas;1
bxoeɾn;1
lwaukee;2
kke;4
bot;13
ɡlenn;1
xik;2
ttino;2
blei;1
kbs;1
knn;1
xim;7
ʝup;1
wins;2
afan;3
bank;3
dɾesd;1
depoɾ;1
ein;3
pajo;1
dxal;2
bika;1
bmw;11
at͡ʃim;1
beɾɡ;16
foɾd;26
mɡ;3
tneɾs;2
aɲe;2
oks;1
tteɾ;22
eɾi;3
alain;2
lsi;1
enaɾ;1
abɾjo;13
inau;15
elen;1
tɾjan;1
tɾono;3
dewa;1
aɡwan;15
bens;4
mann;6
fbi;6
oseos;1
t͡ʃiwawa;1
aljas;2
pɡɾ;1
ɡono;5
kanɡ;2
awai;2
adn;2
opu;2
alis;2
aros;5
koun;1
asp;5
appli;1
tinɡ;6
baan;1
souɾ;1
kpn;1
swiss;1
ʃa;6
kkeɾ;4
ffo;1
lk;3
ʃel;1
enoɾ;17
ooli;2
ɡans;2
ɡles;12
alan;2
ʃea;3
afa;2
uto;3
aɡɾi;14
fao;4
satin;2
aɡɾoin;2
at͡ɬas;2
saɡw;1
kok;2
ap;4
oɾno;2
lak;3
luɾ;2
klwia;2
bk;3
kken;4
mawad;7
kseo;12
amb;4
spo;1
kb;2
knb;2
dek;3
stɾeet;2
alen;3
ɾep;9
inɡ;2
ɾinɡs;1
sekan;1
oɾjol;7
kaɾt;3
tɾoit;6
maks;7
paul;5
toɾspoɾt;1
ɡlja;1
tante;8
ɾun;1
t͡ɬand;1
ponte;1
rano;3
tabɾo;3
fnk;2
ika;1
appk;5
tson;1
ante;7
ɾew;2
ɾaes;2
lat;1
t͡ʃek;2
balʃaw;1
lkin;3
kinɡ;2
daw;2
ɡljo;1
woɾslei;1
ʃaw;1
mk;19
dɾop;1
lewis;3
ɡbi;4
xiaɾ;3
mwa;3
ppo;1
ɡʝ;5
ʃow;2
klon;1
pɾoe;2
poɾt;5
epi;11
spoɾt;1
stam;1
saɡwn;2
kont;2
fad;1
aɡɾjos;1
inol;1
ɡɾeb;8
dm;3
sip;1
nko;1
dolf;1
st͡ʃaɾ;3
pinɡ;3
ax;5
blin;3
iʝɡ;1
oɡ;1
ɲano;1
real;8
ɾanka;1
make;2
ɡwti;3
neal;2
spuɾs;5
lakeɾs;4
kinɡs;2
dun;1
lik;2
njels;1
ɡɡ;1
suns;2
poe;14
niks;1
fɾus;5
pʝl;2
mbx;1
koln;1
laɾt;1
waɾd;3
tb;10
fola;1
xust;1
beɾn;1
ekip;1
skan;1
lips;1
xaiɾ;2
okam;1
oswal;2
dot;2
uma;1
snet;5
kdf;6
sain;5
banti;2
ʝei;5
eloi;1
eb;2
xob;1
spoɾ;2
lx;1
bʃ;1
iuɡ;1
kaiku;1
ɡɾee;3
kaɾl;3
fɾee;8
ɾjon;3
oɾos;2
nju;1
ɾka;1
t͡ʃs;1
bia;1
dika;2
bkas;1
mae;4
koɡ;1
peɡ;1
ipf;3
opa;2
ksjo;10
ʃwi;2
taiwan;6
konɡ;3
daɾd;1
tanɡ;2
taiwa;1
pdp;1
opwes;3
ʃan;1
nki;3
plean;5
ukd;3
ise;2
nawi;3
ineks;4
open;1
bouɾ;2
naud;1
skud;2
ɡɾaf;1
woodɾu;1
kouɾ;1
niko;3
pɾjati;1
st͡ʃn;1
kleos;4
arai;2
ipk;1
lox;15
kop;2
assef;1
peu;3
spa;7
naiɾ;7
ftan;1
ɾiɡ;1
tein;7
slo;3
aɾit;1
seen;5
ideas;12
ɾuɾ;6
alou;2
t͡ʃeo;1
flot;1
siuɾ;1
kkai;1
aɾu;2
kois;1
oɾan;2
wl;2
nwo;11
leaɾ;4
ɾenk;1
ɾeem;1
xne;5
ot͡ʃoa;2
rwet;2
bski;3
ɡaɡ;1
teiksei;1
pspb;1
pn;3
siano;4
dɾau;1
eɾik;2
kmb;5
omb;2
late;4
dalbi;1
ʃiɾ;1
tt͡ʃ;2
peɾn;1
ksea;5
eɾes;30
kaut;2
lou;1
kdk;8
udk;1
nap;1
pɾano;11
senn;1
fanni;1
mikei;1
faɾk;1
bɾjan;6
unjo;3
udal;4
fmi;3
bm;2
pnud;1
ubeɾ;1
ɾwel;2
ɾeid;2
fib;1
ike;1
tei;4
bob;1
aɾum;3
inak;2
aib;1
ɡxins;4
flei;2
monte;1
ninɡ;4
xss;1
moɾe;1
ebeɾ;3
ɾeɾs;2
daks;1
aw;2
dabɾo;1
wski;4
osoɾno;2
saes;1
kain;12
eksul;1
sindi;2
news;1
blis;1
ljat;2
ɾoose;1
belt;1
nald;2
ɾot;1
ssien;1
afjan;2
moodi;1
toɾs;2
upn;1
mw;1
enu;3
pep;2
iaoo;1
aol;1
seaɾs;1
maɾt;1
oik;1
xinɡ;1
ɾke;7
fuɾst;1
ink;1
tɾust;1
irea;1
adol;1
eksoɾ;2
asus;10
t͡so;1
ɾjak;1
aika;1
makkai;1
beu;8
sais;4
ʝaeɾ;8
sesped;7
adelʃo;3
st͡ʃil;1
ɡeim;1
neken;5
tʝe;1
ɡɾwand;2
aɡɾoa;1
saboiɾ;1
tɾau;2
lok;3
ʝoɡs;2
aiuno;4
tt͡ɬe;5
kɾeek;1
staɾ;5
t͡ɬi;1
t͡ʃips;2
ʝinɡ;1
safewai;1
xab;1
xla;1
ɾml;1
emil;5
sama;3
pilni;3
xei;1
bka;2
bɾaeɾ;3
boeinɡ;1
ptx;3
anif;4
eksen;4
sates;4
baʝ;2
psdeɡ;4
ksun;4
bleas;1
eksaus;1
west;3
kpi;1
ʝou;2
aflwen;1
kontɾe;5
bɾent;1
steel;1
ɡɾiɡsbi;1
njoɾ;1
ppa;1
unai;1
ɡou;2
pjepo;1
lekom;3
penas;1
teid;1
afɾi;9
kna;4
sben;1
luns;2
denoud;2
sakob;1
siwo;1
nian;6
paia;1
xoao;1
sadk;1
ɾdk;3
ljon;1
uɡan;1
owa;1
oɾf;1
ʝl;3
kles;1
aksel;1
spɾin;2
iɡa;2
maas;1
adʝ;1
peɾom;1
ttews;1
fɾje;4
xino;3
touɾ;3
faus;2
samwi;1
saul;1
mjon;2
xx;3
oo;2
edje;2
koope;1
seos;4
t͡sain;1
fjas;6
psi;13
nep;1
tee;3
fsan;2
t͡ʃii;1
mosen;1
laʝ;1
asaɾ;7
alkoɾ;2
bajano;2
samwa;2
aɡɾjo;1
sai;5
tabɾos;1
nekst;4
bɾonɡ;1
njaɾt;1
kak;2
stei;6
ɡp;1
xoe;3
deki;1
fjeld;2
anaeim;1
edɡaɾ;1
wwaɾ;1
anais;2
t͡ʃaɾd;7
ʝmno;2
iɡoɾ;1
tɾil;1
adɾa;1
t͡ʃau;5
kaf;1
saseɾ;1
ota;1
reks;4
bankin;2
oto;7
kean;4
daɾt;1
isun;3
ɾoes;4
pui;1
lekum;1
ɾuɾe;2
ipa;1
eloɾ;1
aɾam;1
ikeɾ;2
asjeɾ;1
ojaɾ;1
paɾte;1
aksjal;2
ɡin;2
samo;2
inxus;4
asea;1
unen;3
identi;3
moun;2
tain;2
bike;2
btt;1
faiɾ;1
faɾm;1
obino;2
fau;3
tok;2
emus;1
xeɾt;1
teu;1
ep;3
ɾeiɾ;21
lka;2
teɾs;6
toes;5
km;4
ebɾjo;1
kool;8
koo;1
ksis;14
siwjek;5
ires;4
liss;2
aleksan;1
kw;4
njewski;3
kɾ;6
lewski;2
tbe;5
beɾs;1
etb;1
ɡm;1
lkom;1
tt͡ʃi;2
ɾinɡ;2
nekt;1
ɾʝ;1
ɾwok;2
iri;5
t͡ɬle;1
mak;5
ɾpp;1
stein;3
aon;4
abiko;2
keos;2
wm;1
eln;1
antjo;2
soni;5
oxwe;3
beɾsati;1
dbd;1
t͡ʃip;1
inem;6
nekso;1
fmln;1
uka;1
nmd;2
akam;1
fp;2
uxe;1
kaʃ;1
flow;2
oit;3
aunɡ;1
suu;1
kii;1
mnɾ;4
aɡɾjas;1
mikjo;3
obu;7
baɾʃe;1
fski;1
inm;1
t͡ʃja;5
dae;3
xunɡ;1
waʝd;1
maɾa;1
niwo;1
naka;1
tenko;1
lwan;1
ktu;4
mjal;1
ftu;2
djot;2
abib;2
eseɾ;1
weis;3
likud;1
ultɾa;2
ʃas;2
ɡiaɾ;1
adoɾ;2
fil;9
diku;9
enun;3
asieɾ;3
inw;1
aplas;3
kɾwel;5
bljo;4
eɾu;2
and;2
won;2
of;3
tains;1
sons;2
laad;1
ɾous;1
ɡwis;6
ksos;1
eppuɾ;1
mwo;1
bɾup;1
lise;1
aʝn;1
taiɡ;1
atem;1
loe;2
nao;3
law;1
bɾean;2
bak;15
tɾwos;3
liku;19
tɾepi;4
faks;1
akas;3
mouɾ;1
xak;3
ɡlan;2
ireal;1
afei;2
askaɾ;1
adjos;7
eɲe;2
bw;1
ɡɾjen;3
iano;2
roɾ;27
kswal;5
inns;1
anal;1
bliʃ;1
ɾiʃ;1
flwiɾ;1
wʝski;1
ideal;8
eljot;1
koɾt;4
skoɾ;2
oɾjon;4
xiɾl;3
apɾès;1
mono;4
djeu;1
fɾun;7
saljan;3
ɾowak;1
kled;4
aman;8
dɾjo;1
ɡɾje;3
irup;3
bejan;3
dwen;1
ɲak;1
deaɾ;5
blaos;1
peɾspi;1
pjan;3
aplo;1
oxe;2
onɡs;1
spjel;3
bjao;1
alti;1
eda;1
edil;1
ideo;5
kɾesjas;1
t͡ʃoɾno;1
ekja;1
uɲas;2
ɡkok;2
saw;2
maun;1
lam;13
saljaɾ;1
ksjaɾ;1
kaus;2
amal;1
ɡɾom;1
etni;3
xou;1
t͡ʃateɾ;1
ɲea;1
ɲee;2
liɾi;3
buk;1
ɡwei;1
saɡwas;1
nwan;3
t͡ʃinɡ;1
mjeɾ;20
mou;3
boʝ;1
bjed;1
dɡɾa;1
blooms;1
iwood;2
atɾaja;1
t͡ɬon;1
tjeɾno;1
odjan;1
seaɾ;2
bwian;1
arwi;3
abɾo;1
anaɾ;4
doɡ;2
tɾeno;2
bɾeo;3
akɾis;1
ʃe;3
mjol;1
afea;1
tɾjes;1
nba;9
ɾankinɡ;1
aɾkan;3
kɾwen;3
tomp;2
nkaa;3
dd;2
eʝjo;1
sweet;1
twɾ;1
dwi;1
stewaɾt;1
teas;1
teɾn;1
kki;3
bilt;1
ffs;1
ffoɾd;2
ik;5
antu;1
sket;2
ɾjukob;1
kkas;1
fɾed;1
alek;1
rais;1
sabik;1
aɾos;2
inin;1
duke;7
fab;6
fouɾ;1
ann;1
bud;1
atɾos;3
klen;1
mike;1
sewski;1
ɾks;2
ppjes;1
lae;2
ttneɾ;2
bbeɾ;2
xuwan;1
pelps;1
maɾʃa;1
ffeɾ;2
dxukik;1
fwis;3
meno;7
tjuno;1
adik;2
odja;1
ɡean;2
ʝp;3
teuɾ;2
uɾjaɾ;2
arje;1
toni;10
klas;4
xunti;1
oaɾ;2
rol;5
abɾon;1
ekjo;1
xala;1
sinfin;2
kɾeas;3
plot;1
arin;1
unjen;1
ilo;1
bjon;1
satu;2
mikel;3
mn;4
eniɡ;1
bake;1
t͡ʃkob;1
bɾeaɾ;1
unje;1
bbjano;1
mbi;5
ɾean;1
tiwoɾld;2
uu;4
pseu;1
does;1
sinn;1
eɾb;1
klei;4
liɡ;2
djak;3
inʝ;2
ira;1
eɾite;1
leu;2
xeno;6
abes;8
atwen;1
ɡɾas;1
bɾeas;1
konfin;1
fɾankens;1
emu;1
kʝ;1
lko;1
fiʃ;1
iɾi;1
ʝwe;7
kɾjan;1
kɾwe;2
pjon;1
biɾi;1
noiɾ;2
laus;1
ɡwst;1
otto;3
bɾik;1
t͡s;7
tt͡ɬjeb;2
wilelm;2
ɡfɾjed;1
rwa;1
neim;1
boɾn;1
iea;1
lkswa;1
bjew;1
uɾano;1
tɾea;1
kɾas;1
ttin;1
ksjas;1
mofi;1
salo;1
ɾwin;1
ineɾ;2
xens;4
ksib;1
kuɡ;1
twia;1
tʝ;1
muskau;1
oloɾ;4
arum;1
etjen;1
xoin;1
kɾos;2
kajan;1
kɾooɾ;4
ksjan;2
lewi;1
wɡ;1
akɾo;1
ppleɾ;1
eins;4
pound;1
ɡlen;1
baɾd;2
st;1
test;1
ʃi;5
kket;3
sot;2
skout;2
ɡaeɾ;1
ɡɾwi;1
kjos;1
tɾoin;1
saljas;1
salt;1
niɡ;2
osono;1
isaak;2
tt͡ɬewe;1
mob;1
edxe;1
amjo;1
awkinɡ;1
tɾoen;1
kewi;1
alea;1
anjo;1
ttf;13
api;15
tn;3
exes;2
anɡs;3
fbau;1
fiɡ;10
ktk;7
skm;1
skml;1
bfe;1
knk;1
itf;1
anjon;1
doks;2
tjol;1
tm;2
db;2
sikli;8
lomb;1
saɡ;1
bwa;1
naoa;1
tsf;2
uswal;2
tnk;1
ɾakawa;2
ɡleɾ;1
ps;1
spin;1
naaɾ;2
basf;1
dwiɡs;1
sp;1
bbs;1
klook;1
mkdjaɾ;1
mid;1
ɡɾei;1
bf;1
kontɾajon;1
feno;1
dxes;1
isf;1
antjes;1
etk;7
ʝno;1
ksik;1
fta;5
st͡ʃas;1
tae;1
bbaɾd;1
pejeɾls;2
bɾus;2
ssnm;45
duɾ;9
ssoɾ;1
iko;1
oies;1
ssnf;2
xnm;3
sati;2
xweɾ;1
sst;1
sadis;1
oniɾi;1
sadi;1
peaɾ;1
pl;1
ɾussen;1
ften;1
ɾwissen;1
mead;1
asien;1
wje;1
stɾauss;1
etno;1
unes;1
osio;2
tt͡ɬi;1
t͡ʃkeit;1
ffaɾe;1
bunɡ;1
ɡɾund;1
ɡwnɡ;1
tɾeaɾ;2
run;1
bnis;1
ist;1
deɾs;5
lsb;1
st͡ʃo;1
penaweɾ;1
koeuɾ;1
sasia;1
ɡanɡ;1
toa;2
toin;2
tels;1
lwes;1
inka;2
mxa;1
plos;2
wns;2
ffmann;1
doɾt;2
psiɡ;4
tab;2
analt;1
ɾda;2
fuɾt;4
wüɾ;1
t͡ʃwi;5
leja;1
atɾae;1
odi;2
st͡ʃind;1
iwoodjen;1
kaʝe;1
stɾo;1
atuɾ;2
fom;1
tɾeet;1
pena;1
leɾs;1
ʝps;1
olas;3
nks;4
ɾaises;2
eres;1
seɾs;2
lal;1
aɾt;1
seksi;2
iɾis;2
anis;1
bais;1
ʝea;2
tdam;1
ɡno;1
ttbus;2
knt;1
senķ;1
abwi;1
noe;1
kɾepi;1
eɡia;3
idi;1
koɾp;1
amus;1
bbb;1
atu;2
utɾe;1
bɾea;1
koaɾ;1
poesja;1
osea;1
xeaɾ;2
enal;1
ɾepli;1
ɾil;2
tjun;1
baules;1
aɡɾja;1
apja;1
ɡɾis;4
ɾaķao;2
inn;2
spain;3
woodfoɾd;1
ɾoad;3
wʝ;1
ɾoo;3
saxia;1
ffet;2
ieaɾ;1
pka;1
point;2
oteaɾ;1
baʝas;1
mean;1
ɾeja;2
atɾajan;1
tɾweno;2
balo;1
akwes;1
adep;1
t͡ʃwe;2
dweɾ;3
ataɾ;2
buos;3
siela;3
ekis;1
djuɾ;2
apan;1
at͡ʃe;1
link;1
blwe;1
siono;3
main;1
ateo;1
oien;2
bsss;1
sset;1
efes;1
satuɾ;1
eses;1
satuɾno;1
rouks;1
fea;4
buo;1
peɾs;1
t͡sal;1
ʃakes;1
ɡoe;2
tols;1
feal;1
oleɾ;2
kontɾaeɾ;1
ojan;1
mpɡ;4
soes;1
abɾjan;1
olja;1
fɾjen;2
tɾaja;1
elis;1
adan;1
saxios;1
inekso;1
aflo;1
bloɾ;3
otakus;1
mb;3
snap;2
pɾof;1
atɾ;2
emb;1
aaaaa;4
ɲoo;1
ipo;1
lbbb;1
toot;2
dooo;1
send;1
t͡ɬ;3
tweet;6
mks;2
aa;7
weɾs;1
fd;1
meeen;1
wtf;2
ksd;12
bbit;1
klint;1
twood;1
aaax;1
ɾèn;1
tɾendi;8
out;1
akjen;1
t͡sul;1
uɾi;1
ass;1
kɾees;3
mud;1
meeee;1
bnoɾ;2
aaat;1
its;2
aaaaaan;1
aɡwate;1
daid;1
xax;17
t͡ʃtm;1
wei;3
aaaa;5
wow;4
poo;3
lpm;5
tees;1
twee;3
nkin;2
ɾts;1
axa;6
stf;1
loaded;1
dɾjais;1
aies;1
bie;1
oooo;2
ibf;1
fne;1
dil;1
xui;1
pm;1
ɡoan;1
tnb;1
tkakes;1
ui;2
kuu;1
anon;1
flas;3
pɾeee;1
ɡɡl;1
aaaaaa;3
rɾ;1
woooo;1
ɡwam;1
pk;2
lol;1
sassad;1
iand;1
fmks;5
dp;5
wai;1
bjeeeen;1
sionnn;1
sonnn;1
tbs;2
ufff;2
lanti;1
dees;3
sjente;1
xoel;1
adok;2
ʃam;1
fjam;1
ɡnb;1
ɾt;6
pdl;1
ksti;2
kp;1
amiɡ;2
dsp;1
uds;1
sepn;1
seɾo;1
xaa;4
eɡois;1
ubos;1
oxoi;3
ɡɾam;2
ups;1
doo;1
tw;3
likens;1
tfliks;5
amu;1
liwel;1
ttttti;1
pik;1
oɾni;1
tais;1
sssss;1
iwal;1
dl;1
boom;2
bbil;1
saa;2
lmao;1
ɡtan;1
boaɾd;1
koep;1
weo;1
rr;3
sassss;1
bans;1
loɾe;2
kɡa;1
kwel;2
sɾ;1
pd;3
tuk;1
ɡkss;1
elp;1
pls;1
t͡ʃef;1
daen;1
kɡ;2
ɡɾeeeee;1
iɾjan;1
oɾooooo;1
ɾeadi;1
btw;1
bso;1
ɾip;1
lkd;1
sm;1
pdks;2
saak;2
tenn;1
ieea;1
tmb;1
kɾeoen;1
nono;1
sssssss;1
ades;1
akt;1
sok;1
upa;1
ɡss;1
site;1
lod;1
twt;2
bts;1
ɡɾja;2
paos;1
ɾaas;1
aɾjes;1
but;1
wis;1
psub;1
tkm;1
msx;1
daa;1
kaes;1
okt;3
pati;2
ɾesss;1
xudead;1
t͡ʃieɾ;1
fds;1
tɾump;2
mti;2
wk;1
bum;1
adɡ;1
omɡ;1
list;1
book;4
ɡil;1
ksɾd;1
andi;1
like;2
adjo;1
toks;1
mail;1
kɾuʃ;5
iɾô;1
ɡɾip;1
t͡ʃwos;1
tbes;1
t͡ʃao;1
kkea;2
pid;1
ksdd;1
lanok;1
ʝɾ;4
xɾ;1
ml;1
ʃee;1
fs;3
aaa;5
ffè;1
iou;2
weas;1
wea;2
okno;2
wpp;1
koeɾ;1
fdd;1
situno;1
kɾaɾ;1
ɾaos;1
jas;1
sead;1
aaaan;1
meɡ;1
sata;1
meeeeeeeeeeeee;1
ɡooooo;1
aaaaaaaa;1
ot;2
plis;1
pono;4
loooool;1
tʝs;1
ɾjous;1
enewen;1
tit;1
bl;1
aaan;1
buti;1
loɾd;1
stop;1
pikse;1
tpɾo;1
kdo;1
xoeɾ;1
ɡbja;1
ieɾn;1
t͡ʃaoan;1
lfk;1
ljaoooooo;1
ɾkjes;1
waɾs;1
aksi;1
apple;1
ksko;1
ɡɾin;1
kkdbot;1
kox;1
ɾd;1
noooo;1
tjeeen;1
bjeen;1
sono;1
opino;1
xaska;1
aax;1
fɾib;1
alb;2
titi;1
bdd;2
beee;1
nkl;1
boot;1
ksdddddddddd;1
too;1
afli;1
aflik;1
lbp;1
tkoin;1
ʃaweɾ;1
fff;1
deoos;1
espn;1
dt;1
idean;1
looooo;1
taʝs;1
mɾ;1
soa;1
old;1
kɾun;1
ex;1
ɡoen;1
weed;1
beeeɾ;1
awww;1
rrɾ;2
beeee;1
apɾis;1
noooooo;1
nooo;1
leil;1
idol;1
minɡsoon;1
alf;1
ɡoul;1
rus;1
xoooo;1
bati;1
baɾmbi;1
teenwol;1
tʝan;1
elin;1
okai;1
stɾi;1
ped;1
seok;1
ɡljos;1
wawi;2
bad;1
bunni;1
ɡaa;1
t͡ʃks;1
takis;1
milsɡɾos;1
nfk;1
nfl;1
konf;1
uɾjel;1
kɾjos;1
fse;1
ssend;1
ɡim;1
ɾeeeei;1
ɡxie;1
soooo;1
team;1
flaʃ;1
sooooos;1
ɾwes;2
peeee;1
pɡl;1
aɡfs;1
bfd;1
dɡdɡfɡdf;1
twin;1
peaks;1
bppk;1
smuɾ;1
tail;1
ln;1
ɾisk;1
ow;1
stɾan;1
tʝnɡs;1
laɡ;1
epn;1
ioooooo;1
nais;1
akan;1
desp;1
pean;1
kfk;1
xxa;1
